{
    "id": 0,
    "paths": [
        [52.3743401602888, 4.8862385854049],
        [52.37425836757968, 4.886554134703491],
        [52.374206332690235, 4.88675492200334],
        [52.37420503591525, 4.886754319866858],
        [52.37414823931281, 4.886979008722971],
        [52.37421318873124, 4.88703745659352],
        [52.374283676641475, 4.886832599277177],
        [52.374305020928595, 4.886770564070238],
        [52.374352113275165, 4.886633711882074],
        [52.37444569059899, 4.886335518854553],
        [52.3743401602888, 4.8862385854049]
    ],
    "center": [52.37428163511373, 4.886648127889457]
}
