{
    "id": 1,
    "paths": [
        [52.36751269472199, 4.899633582270165],
        [52.36746051859975, 4.899576247110559],
        [52.367444500898614, 4.89961514145293],
        [52.36742014520828, 4.899674316102763],
        [52.36746794243062, 4.899726839464764],
        [52.36747231223577, 4.89973163674257],
        [52.367467088552, 4.899744291904597],
        [52.36738795155488, 4.899936388694996],
        [52.36735012261872, 4.900028203803342],
        [52.36734541521313, 4.900039649247231],
        [52.36732918288532, 4.90003297069337],
        [52.36732591578053, 4.900031861322808],
        [52.36732263160732, 4.900030972379745],
        [52.36731932149916, 4.900030333326811],
        [52.367315994322595, 4.900029914701273],
        [52.36731266811264, 4.900029730987691],
        [52.36731127501954, 4.900029731603078],
        [52.36730794121178, 4.90002988567403],
        [52.36730461735789, 4.900030274558114],
        [52.36730130345795, 4.900030898255278],
        [52.36729801748652, 4.900031756568088],
        [52.36729475039584, 4.900032834913196],
        [52.36729151123374, 4.900034147873846],
        [52.36728831797471, 4.900035695252612],
        [52.36728516157109, 4.900037462466153],
        [52.36728205999747, 4.900039449317042],
        [52.36727900426648, 4.900041655903934],
        [52.36727602127966, 4.90004406724874],
        [52.36727310211015, 4.900046698132098],
        [52.36727024663709, 4.900049519190021],
        [52.36726748188271, 4.900052544808394],
        [52.367264789812054, 4.900055760502599],
        [52.367262188399735, 4.900059166075241],
        [52.36725967758528, 4.900062746844335],
        [52.36725726635603, 4.900066502711184],
        [52.36725495471188, 4.900070433675788],
        [52.36725275157983, 4.900074524957488],
        [52.367250647851634, 4.900078747291025],
        [52.3672486706101, 4.900083129744313],
        [52.36724680175974, 4.900087643150785],
        [52.367245059275135, 4.900092287313097],
        [52.367243443095894, 4.900097047549301],
        [52.36724195322202, 4.900101923859426],
        [52.36724058953267, 4.900106886879565],
        [52.36723936107555, 4.900111951193045],
        [52.367238258742496, 4.900117087534639],
        [52.367237300568554, 4.90012231038901],
        [52.367236486432965, 4.900127590392263],
        [52.36723580734831, 4.90013292764312],
        [52.36723526319384, 4.900138292777695],
        [52.367234872004566, 4.900143700280657],
        [52.36723461574543, 4.900149135667437],
        [52.36723450328299, 4.900154569475479],
        [52.36723450365725, 4.900156845279127],
        [52.367234597962906, 4.900162291499791],
        [52.367234836004904, 4.900167721459879],
        [52.36723521778312, 4.900173135159443],
        [52.36723574317686, 4.900178503234597],
        [52.36723640325917, 4.900183840466024],
        [52.367237206957, 4.90018913207314],
        [52.36723815414953, 4.900194348692058],
        [52.367239235909885, 4.900199505103449],
        [52.367240452117315, 4.900204571943418],
        [52.36724180283215, 4.900209563893973],
        [52.367243278885994, 4.900214437007896],
        [52.36724488932652, 4.900219205868531],
        [52.36724661617918, 4.90022387067322],
        [52.36724846825001, 4.900228387277417],
        [52.36725226703486, 4.900238579376357],
        [52.36723067991366, 4.900271690736974],
        [52.36719693713268, 4.900323435573789],
        [52.367166757867274, 4.900369693979723],
        [52.36713573010136, 4.900417253701336],
        [52.36708869737341, 4.900489391405593],
        [52.36703467683122, 4.900602026706605],
        [52.366963867243776, 4.900749687506101],
        [52.36682520627212, 4.901139574579001],
        [52.36682352515032, 4.901143850920823],
        [52.36679144256867, 4.901234485007677],
        [52.36677199297202, 4.901289184729123],
        [52.36676635443891, 4.901301535717962],
        [52.3667612667816, 4.901314526699148],
        [52.36675677463508, 4.901328083771747],
        [52.36675288662506, 4.901342118746844],
        [52.36674962054517, 4.901356587382618],
        [52.3667470029957, 4.901371401293477],
        [52.366745051589795, 4.901386472192329],
        [52.36674375709893, 4.901401741451004],
        [52.36674314618385, 4.901417135365896],
        [52.36674320937525, 4.901432536581665],
        [52.36674394655268, 4.901447915735393],
        [52.366745366221515, 4.901463155274921],
        [52.366747450106125, 4.901478181988687],
        [52.36675018897827, 4.901492937248491],
        [52.36675356444189, 4.901507318479045],
        [52.366757567329095, 4.901521281733834],
        [52.36676217930402, 4.901534739119227],
        [52.36676736405632, 4.90154760293826],
        [52.36677311247837, 4.90155984392597],
        [52.36677937022502, 4.901571359900114],
        [52.36678612818863, 4.901582121595518],
        [52.366793341192086, 4.901592070776774],
        [52.36680097298518, 4.90160113442815],
        [52.36704677242203, 4.901871583745802],
        [52.367083748739816, 4.901781909152877],
        [52.36687945172986, 4.901556829865119],
        [52.36687199141506, 4.901547940518292],
        [52.366864896568025, 4.901538313048257],
        [52.36685818528359, 4.901527976622046],
        [52.36685188464408, 4.901516960308235],
        [52.366846021791794, 4.901505307857148],
        [52.3668406150024, 4.901493092481107],
        [52.36683570028517, 4.901480328468187],
        [52.36683127800133, 4.90146710390917],
        [52.36682738416025, 4.901453433091975],
        [52.36682701884904, 4.901447637506452],
        [52.366827318598496, 4.901441834639039],
        [52.366828257289995, 4.901436230330388],
        [52.366829817611595, 4.901430986277281],
        [52.36686983707982, 4.901318593950122],
        [52.36688650590035, 4.901271779724976],
        [52.36688874683976, 4.901265940903499],
        [52.366891547884585, 4.901260800707101],
        [52.36689482863118, 4.901256477476569],
        [52.36689850873621, 4.901253104234656],
        [52.36690247166606, 4.901250755670584],
        [52.36690661892188, 4.901249520958632],
        [52.36692010514561, 4.901246275221439],
        [52.36698664730204, 4.901230247116608],
        [52.366995281968485, 4.901325985537552],
        [52.36699733440962, 4.901348676965645],
        [52.367005197195, 4.90140307781273],
        [52.36701585497129, 4.901431151616654],
        [52.367029020524846, 4.901465849176618],
        [52.36704234041848, 4.901500926814072],
        [52.36707356886965, 4.901583247825304],
        [52.36709587484528, 4.901642042326407],
        [52.36710804134757, 4.901619430123571],
        [52.36717044345195, 4.901571322279841],
        [52.36718463586448, 4.901632877943539],
        [52.36718540254017, 4.90163573266169],
        [52.36718629461666, 4.901638483229132],
        [52.367187312033685, 4.901641114963924],
        [52.36718844574376, 4.901643613282493],
        [52.367189695686704, 4.901645963502894],
        [52.36719127888258, 4.901648486267415],
        [52.36719910933915, 4.901659970467159],
        [52.367199923314864, 4.901661209581071],
        [52.36720123580735, 4.901663471022291],
        [52.36720243206688, 4.901665880561931],
        [52.36720352108074, 4.90166843810163],
        [52.36720449374118, 4.901671114375811],
        [52.367205332073574, 4.901673909581188],
        [52.36721469417788, 4.901708223187574],
        [52.367215715025, 4.901711691797613],
        [52.36721687026025, 4.901715056158794],
        [52.3672181417886, 4.901718287103912],
        [52.36721953865756, 4.901721399216597],
        [52.3672210427721, 4.901724363329629],
        [52.36722265407207, 4.901727164761049],
        [52.36722437255748, 4.90172980351086],
        [52.3672261802537, 4.901732279775758],
        [52.36722848327528, 4.901735000225231],
        [52.36724793013303, 4.901756297478913],
        [52.36724993235178, 4.901751415617891],
