{"id":1,"area":997,"paths":[[52.36865174505951,4.902646442468512],[52.36866668686512,4.90261014414713],[52.36869796125558,4.902644586812255],[52.36872907224148,4.902568834471106],[52.36874298062693,4.902539169441182],[52.36878768255264,4.902430877428145],[52.36877384991335,4.902415376361481],[52.368831051442875,4.902278021700747],[52.368603551977856,4.902033876786152],[52.36857008231562,4.902115175916999],[52.36844269395391,4.902412255701882],[52.36844394986282,4.902413871793535],[52.36859424361766,4.902578838277086],[52.36859306835088,4.90258155280242],[52.36865174505951,4.902646442468512]],"center":[52.36865202433972,4.902461031105142]}