{"id":1,"area":1996,"paths":[[52.36960227294455,4.900373595425712],[52.369637952453374,4.900305425170597],[52.369650000153136,4.900321738378277],[52.369688327835874,4.900246241267314],[52.36972809612834,4.900236935913242],[52.36979900861738,4.900319853306745],[52.36980812039215,4.900299754396014],[52.36983252875843,4.900327620056116],[52.369841745544214,4.900306829854975],[52.369844680727674,4.900310277626884],[52.36989576026978,4.90019285091511],[52.369892978591835,4.900189577663844],[52.36989878401826,4.900176313450473],[52.36973169653328,4.899980435120534],[52.36974535544489,4.899949273629106],[52.36974394095865,4.899935339877093],[52.369722148788576,4.899909868519077],[52.36971362896278,4.899912179309158],[52.36969652418057,4.899951204916196],[52.36967650985068,4.899955888516968],[52.36964515417853,4.900017639020671],[52.36963974444264,4.900011296458191],[52.36961192812721,4.900066062748433],[52.36943629999168,4.900407132917809],[52.36943993406375,4.90053686458008],[52.36962387867015,4.90083267042086],[52.36974459775356,4.900746417714025],[52.3699014994104,4.900657521108989],[52.370021543843166,4.900612711769473],[52.370030033849645,4.900559405435394],[52.37002184586407,4.900554987409105],[52.37002710890888,4.900521274963532],[52.37003886903124,4.900506990990718],[52.370033473866286,4.900421107323761],[52.370041498435555,4.900401078992618],[52.37001987366145,4.900322304102589],[52.37002367024754,4.900299179885729],[52.369987996997736,4.900235551196227],[52.36998798843513,4.900211617116287],[52.369947886051214,4.900174658416026],[52.36993324048159,4.900208503213266],[52.36992135823366,4.900195271655132],[52.36986847454509,4.900315464048926],[52.369881847896,4.900330676214875],[52.369869570385056,4.900359017974599],[52.36987946588551,4.900374327055414],[52.36988680663547,4.900389091522213],[52.36989119846896,4.900405811894376],[52.369891845236424,4.900418843754067],[52.36989203715113,4.900432732248879],[52.36989050535976,4.900442719160539],[52.36988750363368,4.90045369131216],[52.36988054677517,4.900466718499876],[52.36987334513324,4.900474858762399],[52.36986559212659,4.900482241529742],[52.369645284392334,4.900606633967416],[52.36962814622036,4.900580729515323],[52.369638954412,4.900562256669934],[52.369595932445904,4.900492820899118],[52.36959565762432,4.900425970338792],[52.36961421345137,4.900390071332684],[52.36960227294455,4.900373595425712]],"center":[52.36980659171646,4.900330318110958]}