{"id":2,"area":1988,"paths":[[52.36283244018066,4.891146337741347],[52.36282118955418,4.891236914265247],[52.36283675246886,4.891242436599896],[52.3628247422136,4.891334063960984],[52.36281275792701,4.891425470764085],[52.362801191744985,4.89151371639438],[52.36279025089987,4.891508758940248],[52.36257449073832,4.891433447675207],[52.362481409372215,4.891402336195518],[52.36242816614354,4.89138303833035],[52.36241547990977,4.891469945064454],[52.36240245585101,4.891465451370525],[52.36236723319056,4.891718843058163],[52.36238332781003,4.891724711913003],[52.362899724412195,4.891913192241861],[52.36290152975455,4.891906462778626],[52.36295393936725,4.891924170527653],[52.36298261811763,4.891709122708198],[52.362938258855166,4.891695083687376],[52.36294388983538,4.891661841247632],[52.36293314917545,4.891657468753968],[52.36294605772123,4.891567813188376],[52.362949387326765,4.891568803679705],[52.36300097394289,4.891205424674959],[52.362915419820816,4.891175403722583],[52.36288924530759,4.891166285692131],[52.36284681425314,4.89115127140831],[52.36283244018066,4.891146337741347]],"center":[52.36277519057411,4.891480505511648]}