{"id":2,"area":992,"paths":[[52.361150202300216,4.873740069054379],[52.36115134118848,4.873756057775833],[52.36115310142755,4.873768178299004],[52.361155983018485,4.873783956008885],[52.36115844457097,4.873798211793845],[52.361166038531486,4.873818779597274],[52.36117067238253,4.873834478318848],[52.36117651270415,4.873848592255647],[52.361184739215425,4.873867875541032],[52.361190524093715,4.87387956781989],[52.36119985025657,4.873895432482906],[52.361207706473294,4.873908084411728],[52.361211693469585,4.87391555478828],[52.36122156020156,4.873931721507184],[52.36122910199969,4.873942336472701],[52.36123548093605,4.873952157456098],[52.36124333274174,4.873965866464546],[52.36124900584444,4.873972509912208],[52.36125824068593,4.873983898065009],[52.36126623804504,4.873991791853012],[52.361280368553345,4.874000495547417],[52.361302660396376,4.874011380360345],[52.36131544966228,4.8740154604804],[52.36132587937257,4.874016367500315],[52.36133368665431,4.874015660612593],[52.36134281991841,4.874013984142509],[52.36135121107003,4.874011127117584],[52.36135827294432,4.874006406335085],[52.36136808149245,4.874000861023822],[52.36137249287966,4.873996347062971],[52.36137768071568,4.873986421616394],[52.36137969733286,4.873983051087265],[52.361384436935126,4.873975465056627],[52.36138861819301,4.873965551248064],[52.36139653104981,4.873941515459002],[52.36139966780617,4.873931158624652],[52.36140495955063,4.873918251774787],[52.36141274970701,4.873892866760735],[52.361417556193395,4.873869615601143],[52.361419704133446,4.873850931541277],[52.36142170920632,4.873836609310047],[52.361421903525354,4.87381716977215],[52.36142076339321,4.873796747385018],[52.361419292755,4.873778868589862],[52.36141809908446,4.873756464925689],[52.36141622895289,4.873731441240119],[52.361414367576046,4.873714653344812],[52.36141030795824,4.873694587727417],[52.361407219291095,4.873672514297287],[52.361407089936286,4.873663413743281],[52.361405340178294,4.873641280777656],[52.36140349597608,4.873630526469932],[52.361399705296265,4.87361859087383],[52.36139252838894,4.873605079596341],[52.36138627238701,4.87359252659085],[52.36137795607218,4.873577413632172],[52.36137113291279,4.873564646989405],[52.36136040131923,4.873545950546157],[52.36135137846002,4.873525428602782],[52.36134288984934,4.873509965326248],[52.36133423501153,4.873491406351657],[52.36132345521604,4.873474031762657],[52.36131288996621,4.873456390445412],[52.361301330437584,4.873439524045233],[52.36128910214785,4.873423883894745],[52.361272777376335,4.8734066175905],[52.3612680424243,4.873400770785342],[52.36125751335024,4.873393537689504],[52.36123951782398,4.873380636235518],[52.361157464660536,4.873439751141635],[52.361151352894936,4.873452153649025],[52.361148389932985,4.873463198437481],[52.361146752943014,4.873475343601042],[52.361146693329445,4.873482317596016],[52.36114546109461,4.873490391534689],[52.36114393896186,4.873502080266812],[52.36114192526048,4.87351647592685],[52.36114054008833,4.873532802153644],[52.36114011038168,4.873545623326416],[52.36113990918391,4.87355725272189],[52.361139914822715,4.873587553496079],[52.3611402071286,4.873607280891775],[52.36114127577707,4.873627792056388],[52.36114260786348,4.873646876150804],[52.36114450549248,4.873669946835176],[52.36114536468435,4.873689829159713],[52.36114701466321,4.873715897564124],[52.36114804152375,4.873726778716899],[52.361150202300216,4.873740069054379]],"center":[52.361278212515806,4.87373672058038]}