{"id":3,"area":1985,"paths":[[52.37077529461302,4.880882909239033],[52.37077296463868,4.88088450700283],[52.37078009572639,4.880908521761075],[52.370619203643685,4.881036065880936],[52.37073274949035,4.881419779661535],[52.37073536747686,4.881428795036616],[52.370770421319726,4.881399747222209],[52.370785506033016,4.881387901576439],[52.37081641987862,4.881490086288002],[52.370848645903834,4.881466019165448],[52.370899122063456,4.881428410978307],[52.37086927252329,4.881322910114478],[52.37087101814209,4.881321274982948],[52.37085349306712,4.881254193457826],[52.37101977777061,4.881122388334662],[52.37101154426526,4.881094876538672],[52.37110482282663,4.881020128303744],[52.37111186615918,4.881042543715759],[52.37111779853928,4.881038452624459],[52.37112863367734,4.881073247392057],[52.37124126873938,4.880987279722438],[52.371303781392626,4.880939650953006],[52.371232738932505,4.880663536717584],[52.371131694134434,4.880742236469358],[52.371095828882815,4.880621488871663],[52.37102283553098,4.880679354756976],[52.371031462243856,4.880708418487933],[52.37102829148763,4.880710965640419],[52.37093188346827,4.880787365351271],[52.37090219878451,4.880810890066523],[52.37088116000697,4.880828046046839],[52.37087159299421,4.880797671579058],[52.37084746095425,4.880816580875869],[52.370849594748414,4.880823751601686],[52.37077529461302,4.880882909239033]],"center":[52.37093631727635,4.881023511590191]}