{
    "id": 3,
    "area": 989,
    "paths": [
        [52.37672250138568, 4.901465588757829],
        [52.37671238162011, 4.901384619463871],
        [52.376681645282154, 4.901128763094542],
        [52.37630603338302, 4.901484057167724],
        [52.37633992557448, 4.901551886132032],
        [52.376435360029134, 4.90174771730167],
        [52.37647874824436, 4.901838734243877],
        [52.37651866141005, 4.901788013603784],
        [52.37655835994221, 4.901737559564328],
        [52.37659038192842, 4.901702198282663],
        [52.37658639646757, 4.901692475902178],
        [52.37656394551352, 4.9016377530242],
        [52.37661549311446, 4.901583732597593],
        [52.37672250138568, 4.901465588757829]
    ],
    "center": [52.376559452520056, 4.90158633484958]
}
