{"id":4,"area":1980,"paths":[[52.36668726165845,4.880090433725687],[52.36669567971647,4.880085433555287],[52.36669495946471,4.880080948952091],[52.36673651319933,4.880050286761965],[52.36681197064607,4.87999072347831],[52.366844008164094,4.879966777062704],[52.36719538089592,4.879704051497809],[52.36722018707292,4.879785843713874],[52.36724452729212,4.879865879431165],[52.36727561302603,4.879806499624556],[52.36729465330146,4.879767651748096],[52.36740893030116,4.879540774167273],[52.36762481764833,4.879382005475127],[52.36768406641243,4.879338394743989],[52.36777650202942,4.879291570151148],[52.36783055289382,4.879253554099575],[52.36793165479141,4.879175810566258],[52.367979704739305,4.879142664273789],[52.3680164634648,4.879117282344534],[52.3680481770256,4.879095379279529],[52.36809065273918,4.879065996761347],[52.36812605852669,4.879041599276844],[52.36816472597465,4.879014903213704],[52.36819389532008,4.878994937934259],[52.36822048388752,4.87897676415229],[52.36822896925584,4.878970705650474],[52.36844992326337,4.878813649811719],[52.36852099696423,4.878763133078151],[52.36858039962515,4.87872192689674],[52.368655582302594,4.878667603884288],[52.36868867641102,4.878644891463953],[52.36872001228726,4.878622962690406],[52.36877684456645,4.878583885297868],[52.36879061929577,4.878591450710307],[52.368762762045,4.878479576092777],[52.368762387320906,4.878478126757425],[52.36818168961176,4.878890167977967],[52.3678046651184,4.87915437427483],[52.36780583562941,4.879156959732586],[52.367714301168256,4.879221085351288],[52.367707409496624,4.879215247094323],[52.36751055462852,4.879360569877901],[52.367233095120106,4.879566087675807],[52.36715632936106,4.879620219966927],[52.366934278438464,4.87978582496586],[52.36666546881379,4.879988184568023],[52.36665406332546,4.879990267734517],[52.36664352775816,4.879985616389929],[52.36663269476272,4.87997237921422],[52.366671796954485,4.880101666394237],[52.36668726165845,4.880090433725687]],"center":[52.36766152128187,4.879354179671949]}