{"id":4,"area":985,"paths":[[52.37696583507437,4.886278288578954],[52.37687746336678,4.886196473267282],[52.37682664686463,4.886347312630086],[52.37669082553487,4.886747154060868],[52.37687383878556,4.886912257799066],[52.37700724206647,4.886516451769609],[52.37705785205544,4.886363484864244],[52.37696583507437,4.886278288578954]],"center":[52.376908192352815,4.886454963943634]}