{"id":5,"area":1980,"paths":[[52.37199998149143,4.904060960431067],[52.37202678425836,4.90401285669615],[52.37205452983161,4.90396233441923],[52.372081742138185,4.903913286312197],[52.37210907928743,4.903864001836554],[52.37213732682659,4.903813165532592],[52.37216685580539,4.903759202134336],[52.37219836514373,4.903705995344309],[52.37222995653536,4.903650878627336],[52.372259206952926,4.903596947413104],[52.37225840174548,4.903595649289991],[52.37229837157183,4.903523407269665],[52.37237455234893,4.90338726048292],[52.37240891732569,4.903324697470376],[52.37243800409587,4.903272544413597],[52.37246692009965,4.903222595805449],[52.372493406509435,4.90317193942557],[52.37252659735412,4.903112399189209],[52.372557287334494,4.903056704101521],[52.37259003415972,4.902998490135619],[52.37262433631791,4.902936000623502],[52.372657651641575,4.902873962322272],[52.372682258722485,4.902829713765089],[52.37270654038161,4.902785013494896],[52.3727071821444,4.902785902237087],[52.372743200438286,4.902721117559897],[52.37278148476573,4.902652225741914],[52.37278022813991,4.902650433280122],[52.372820951840446,4.902573673180234],[52.37282171122104,4.902574751534825],[52.37285886062699,4.90250747247874],[52.37289677770215,4.902441110043539],[52.37300076608402,4.902256901439979],[52.37305423991272,4.902164009693955],[52.37323457543209,4.901843117217829],[52.37327655185375,4.901769513754645],[52.373354571391225,4.901628568287723],[52.37337278324964,4.90159637103968],[52.37341064210293,4.901526894537326],[52.37348358089238,4.901394124500911],[52.37341993558523,4.901364820783631],[52.37309913510576,4.901929696340006],[52.37308669128823,4.901926322868561],[52.37273841706468,4.902582284270489],[52.37274195160294,4.902602627673105],[52.37166992219125,4.904494123918568],[52.371715641216475,4.904579763390711],[52.37177063877595,4.904476581685532],[52.37180453369539,4.90441542048458],[52.371837198514214,4.904356768885422],[52.37187396631841,4.90429263939183],[52.3719077742666,4.904230010436295],[52.37194024756361,4.904170699860288],[52.37197226846998,4.904110659914217],[52.37199998149143,4.904060960431067]],"center":[52.372518609433214,4.903111083152713]}