{"id":5,"area":984,"paths":[[52.36951537375257,4.899594582302208],[52.36951793614771,4.899581706172818],[52.369540665968366,4.899461669187457],[52.36955727329569,4.899373929474885],[52.36956902372787,4.899309340111539],[52.369506144414,4.899241416225958],[52.3695024732004,4.899251294474965],[52.36947863085662,4.899312859820109],[52.369437292725664,4.899272714972757],[52.36943586307503,4.899276930138712],[52.36939076796797,4.899234580137867],[52.36946404701208,4.899030174463694],[52.36944780466736,4.89901453922031],[52.36942533607792,4.898992908283422],[52.3694137317887,4.89898172981137],[52.36939049618458,4.898959358498865],[52.36937539975885,4.89894481194517],[52.36932887031877,4.898903388493153],[52.36928140439227,4.898859361807818],[52.369280969040794,4.898860585315021],[52.36916468411372,4.899202355783994],[52.36951537375257,4.899594582302208]],"center":[52.36943361646543,4.899193400861105]}