{"id":6,"area":984,"paths":[[52.37351940297432,4.890936320311309],[52.37351611803783,4.891128301032908],[52.37350391034986,4.891127732698791],[52.37350283502389,4.891190712783091],[52.37350561277207,4.891190843252213],[52.37349990010855,4.89152435293122],[52.373496223386134,4.891524173748579],[52.373495103206345,4.891589371703388],[52.37350820980533,4.891589974174462],[52.37350495922198,4.891779678276342],[52.37362048171522,4.891797698403034],[52.373659552998355,4.891991482730131],[52.37367582918201,4.891982754474354],[52.37368138901719,4.891979755444668],[52.37368690166521,4.891961176394664],[52.37368537038689,4.891953924528544],[52.37368716366795,4.891952905940848],[52.37367658191202,4.891902714064247],[52.37366137454578,4.89191126888221],[52.37366249316825,4.89191655759202],[52.37365925625107,4.891918385278156],[52.373658146616,4.891913096468327],[52.37365490963746,4.891914909470456],[52.373653800063664,4.891909635345312],[52.3736570280548,4.8919078224432],[52.37364455730363,4.891848664633193],[52.37364132931337,4.891850477539097],[52.37364021068797,4.891845188833484],[52.37364343861673,4.891843361243168],[52.373642329101145,4.891838101805261],[52.373645566017096,4.89183627411397],[52.37364667559418,4.891841548236291],[52.373661882955375,4.891832993397288],[52.373651035294984,4.891781556342606],[52.37364877578242,4.891782844469669],[52.37364567633283,4.891768120903197],[52.37365568610104,4.891574228936767],[52.373674686564705,4.891252361385831],[52.37368931272311,4.891244532391802],[52.373683639072,4.891216063314683],[52.373714011225424,4.89113517764197],[52.37351940297432,4.890936320311309]],"center":[52.373620970700685,4.891664841996953]}