{"id":6,"area":1956,"paths":[[52.37881569938215,4.887976035095453],[52.37878497165716,4.888072268943358],[52.37887156898654,4.888157768395385],[52.37876645292938,4.888455265292954],[52.37871103944737,4.888607907847791],[52.3788911750462,4.888773279380843],[52.37903784739396,4.888346895871079],[52.3790823575797,4.888217505887497],[52.379037035692704,4.888179845485671],[52.37909438687869,4.888005149601817],[52.379052437442624,4.887967994844436],[52.379008670655075,4.88792827578564],[52.37902702542718,4.887873303008239],[52.37913630970674,4.887545839436432],[52.37900218737428,4.887424703262912],[52.37881569938215,4.887976035095453]],"center":[52.37894592906136,4.888094254577185]}