{"id":7,"area":1950,"paths":[[52.36909289095334,4.892777123984346],[52.36909386102952,4.892776981023102],[52.36909483304195,4.892775149466096],[52.36909497908148,4.892773532680496],[52.36909456470381,4.892764697980281],[52.36907655984809,4.892619930953048],[52.36907565784309,4.892612702168493],[52.36907351690762,4.892607953982956],[52.36907161933261,4.892605523037451],[52.36906828434213,4.892603240267671],[52.369065891513266,4.892602738349462],[52.36906231782013,4.892603556405886],[52.36901989598378,4.892625114499573],[52.36896026897401,4.892661092391398],[52.36852879457993,4.892947083155162],[52.36833299539734,4.893179229797502],[52.368247892533205,4.893278758994336],[52.36821562229875,4.893316501108745],[52.368172940073826,4.893366164166141],[52.368041914703774,4.893518592345124],[52.36786252956973,4.89373003938986],[52.36778994928062,4.893813070537385],[52.36776333767091,4.893843510315961],[52.36766684334549,4.893940050860621],[52.36772672467074,4.894105271321082],[52.367817351180435,4.893985244981733],[52.368047587569,4.893689291413893],[52.36822585405609,4.893470396822321],[52.36831797415778,4.893363844872304],[52.36841911544155,4.89324810323723],[52.36841729139725,4.893241751112747],[52.36848181537285,4.893175252585887],[52.36848362914694,4.893181296487196],[52.36857665722902,4.893085628046522],[52.36857240519679,4.893072504683996],[52.36866978639887,4.892988357617736],[52.36867412721021,4.893001215715974],[52.36877544924726,4.892933161168799],[52.3687773009676,4.89292460962796],[52.368841710211726,4.892882338605332],[52.36884720840082,4.892886094963494],[52.3688520675766,4.892906861557593],[52.36887464907995,4.892892837120153],[52.368876585432126,4.892891640889263],[52.36887589007646,4.892888697318088],[52.368886047121755,4.89288246125128],[52.36888674284541,4.892885492918041],[52.36894883266475,4.89284738824505],[52.36894813694014,4.892844356574649],[52.36895486947972,4.892840228982572],[52.3689545582102,4.892838866913093],[52.36895722974228,4.892837236671746],[52.3689803767008,4.892823029665096],[52.368991654334295,4.892816105651897],[52.36899196560404,4.892817467722352],[52.36899861744083,4.892813385071152],[52.36899931316626,4.892816416744513],[52.36906157329116,4.892778207196534],[52.36906087756478,4.892775175519525],[52.3690710525169,4.89276892451768],[52.36907178221112,4.892780090335023],[52.36909289095334,4.892777123984346]],"center":[52.36870283325221,4.893017720902822]}