{"id":7,"area":983,"paths":[[52.36640261596711,4.89014779254002],[52.36643255511256,4.890180154753821],[52.366634858306625,4.889676952749772],[52.366609947199485,4.889634858612462],[52.36657858704674,4.889689990455094],[52.36639634673823,4.889417180292942],[52.36626034198037,4.889656045986134],[52.366377742939335,4.889834382660561],[52.36639069619777,4.889854102677094],[52.36634381213119,4.890084245473452],[52.36635206437236,4.890093167966454],[52.36637556606292,4.890118569385868],[52.36640261596711,4.89014779254002]],"center":[52.36642751923244,4.889887325853361]}