{"id":8,"area":982,"paths":[[52.36657366965251,4.893703382341514],[52.36655355142783,4.893689555064022],[52.366567781497814,4.893631944473126],[52.366569193361485,4.893619199110343],[52.36652749307552,4.893606918727349],[52.366530785733495,4.893571027662885],[52.36654575415423,4.893382294933412],[52.36645071646072,4.893360374873736],[52.366422585121825,4.893588881384465],[52.366364531295964,4.893551720258889],[52.36635349676364,4.893547981584534],[52.36630471451211,4.893531478209274],[52.3662951722931,4.893596803283027],[52.36628705160674,4.893593502017692],[52.366251034818994,4.893728612951843],[52.3662200821929,4.893715934039371],[52.36620916232738,4.893787147188895],[52.36621091742125,4.893787744325682],[52.36621178307809,4.893788424766085],[52.36621342421278,4.89378971323842],[52.36642741336883,4.8939580892597],[52.36651366358086,4.894025946729289],[52.36651718886901,4.894028609101956],[52.366557158768266,4.89389737385013],[52.36654499238169,4.893887304858958],[52.36655044878665,4.893868098322913],[52.36654998890482,4.893867736376566],[52.366571973715864,4.893796766699547],[52.36656950165011,4.893794503736021],[52.36657157451383,4.893787242250495],[52.3665546385381,4.893773555731087],[52.36657366965251,4.893703382341514]],"center":[52.36644265980434,4.893717539052898]}