{"id":8,"area":1945,"paths":[[52.37241493234033,4.875120916734443],[52.37241248842265,4.875141870175685],[52.37240121790922,4.87524373357257],[52.37240373814724,4.875248741221758],[52.37230087934316,4.875408049295249],[52.372313117554,4.875430213594721],[52.37232573980173,4.875451815470702],[52.37233872792164,4.875472811079803],[52.37235206400312,4.875493215312991],[52.37236575684323,4.875512984015661],[52.37237978846779,4.875532117395048],[52.3723966254097,4.875553597293979],[52.372413898663176,4.875574132376856],[52.372431590190835,4.875593708166861],[52.37244966398056,4.875612310394366],[52.37246315723984,4.875625414767654],[52.37247688143875,4.875637885056648],[52.37249080961564,4.875649721571897],[52.37250494164386,4.875660894945629],[52.37250113313233,4.87567390519161],[52.37252284616271,4.875690248168113],[52.372526536065294,4.875676828121607],[52.37254363061209,4.875689288946218],[52.37256267349236,4.875701286780202],[52.37258195446057,4.875712224600333],[52.37260143756792,4.875722102819943],[52.37262112281475,4.875730921437764],[52.3726409741253,4.875738651499611],[52.372667641972704,4.875747272142503],[52.372665791047005,4.875761963253503],[52.37275587356119,4.875788692920806],[52.37277635598736,4.875794800461369],[52.372778785784895,4.875795521355551],[52.372806182843185,4.875552690966738],[52.37280963865037,4.875553737756488],[52.372833760523406,4.875333045028972],[52.37283098994184,4.875330419105874],[52.37281803956896,4.875318160149835],[52.372810728520626,4.875310990378988],[52.37277774478493,4.87528631929059],[52.372751771827744,4.87525341743494],[52.37273315205795,4.875227038756679],[52.372655791831285,4.875093348697833],[52.372621100628486,4.875033410864679],[52.37260766240026,4.875010188413739],[52.37258132929544,4.87496469176678],[52.3725370767105,4.874900973196204],[52.37252984766862,4.874960543229754],[52.372506416724846,4.875153796216045],[52.37244673437489,4.875134191376969],[52.372447159510315,4.875130662217525],[52.37241576942655,4.875121200757891],[52.37241493234033,4.875120916734443]],"center":[52.37255318123309,4.875433539292126]}