{"id":9,"area":1940,"paths":[[52.376294249117365,4.873590128911609],[52.37631261717735,4.873512816467446],[52.376326669166986,4.873453705441966],[52.37633975425693,4.873399613394525],[52.37635397497226,4.873340045085612],[52.37637506326903,4.873251716018507],[52.37639466866946,4.873169630786773],[52.37643214024649,4.873012720319974],[52.37648176528743,4.872808747764952],[52.37654698197249,4.87253614360002],[52.37656661390076,4.872454072107126],[52.376588178993096,4.872363930306536],[52.37661275413513,4.872261211827552],[52.376446352637274,4.872151003786465],[52.37642356178728,4.872246519916597],[52.37634203786183,4.872588467833121],[52.37629208679429,4.872793853598917],[52.37626745784363,4.872898774506638],[52.37624184046443,4.873007906849722],[52.37622229413572,4.873091151350985],[52.376202244526624,4.873176486970352],[52.376188448461306,4.873234478845705],[52.37616887979213,4.873316754153687],[52.37613004211464,4.873479979375076],[52.376294249117365,4.873590128911609]],"center":[52.37635379706805,4.872989199525258]}