{"id":9,"area":980,"paths":[[52.36943842006763,4.901155080000905],[52.36952294221517,4.901280313582377],[52.36961247622034,4.901411351437778],[52.36964594427788,4.901467780429789],[52.36964887168173,4.901464958524178],[52.3697678452884,4.901641061451691],[52.36980695387838,4.901549771995334],[52.3696934068709,4.901379791455409],[52.369592169135416,4.901230821039944],[52.36947977488016,4.90105933179775],[52.36938912474256,4.900917045151739],[52.36934064666319,4.900847419630569],[52.3692672085554,4.900749083110406],[52.36917900245266,4.900635168419814],[52.369114332279175,4.900787408907044],[52.369307475871594,4.901003485186563],[52.36935998375798,4.90106080608158],[52.36943842006763,4.901155080000905]],"center":[52.36947805549479,4.9011553199002105]}